mean,Actb,Actb,Actb,actb,Gapdh,Gapdh,Gapdh,Epx,Ear1,Ear1 /// Ear12 /// Ear2 /// Ear3,Ear3,Ear11,Ear2,Ear4,Ear5,Sftpa1,Sftpa1,Sftpd,Sftpc,Sftpc,Sftpb,Nosip,Nos2,Nos3,Nos1,Nosip,Nos1,Nos1,Nos1ap,Nos1ap,Nostrin,Nos1,Ass1,Ddah2,Prmt2,Padi2,Avpr1a,Avpr1a,Srpk3,Padi1,Carm1,Padi3,Srrm1,Srrm1,Avpr1b,Padi4,Avpi1,Gatm,Nrd1,Prmt6,Prmt7,Prmt3,Prmt5,Prmt3,Srpk3,Prmt2,Asl,Ptplb,Nrd1,Srrm1,Avpr2,Avp,Prmt7,Prmt1,Prmt3,Srpk1,Rere,Srrm1,Adprh,Sfrs2ip,Ddah1,Ddah1,Prmt6,Ddah1,Prmt8,Srpk2,Sfrs18,Padi6,Srrm2,Srrm4,Srrm2,Sfrs11,Rere,Adc,Prmt10,Adc,Prmt3,Prmt7,Rsrc2,Adc,Ddah1,Ddah1,Prmt10,Srrm3,Prmt10,Prmt3,Ptpla,Ass1,C1qa,C1qb,C1qb,C1qb,C1qbp,C1qbp,C1qc,C1ql1,C1ql2,C1ra,C1ra /// C1rb,C1s /// LOC100044326,C2,C2,C2,C3,C3ar1,C3ar1,C3ar1,C4b,C4bp,C4bp-ps1,C5ar1,C5ar1,C6,C8a,C8b,C8g,C9,Cd46,Cfb,Cfd,Cfh /// LOC100048018,Cfh /// LOC100048018,Cfhr1,Cfhr3,Cfi /// LOC100047470,Cfp,Cr1l,Cr1l,Cr1l,Cr2,Hc,Il5,Tet1,Tet1,Tet1,Tet1,Tet2,Tet2,Tet3
BL/6 air,100,100,100,100,100,100,100,100,100,100,100,100,100,100,100,100,100,100,100,100,100,100,100,100,100,100,100,100,100,100,100,100,100,100,100,100,100,100,100,100,100,100,100,100,100,100,100,100,100,100,100,100,100,100,100,100,100,100,100,100,100,100,100,100,100,100,100,100,100,100,100,100,100,100,100,100,100,100,100,100,100,100,100,100,100,100,100,100,100,100,100,100,100,100,100,100,100,100,100,100,100,100,100,100,100,100,100,100,100,100,100,100,100,100,100,100,100,100,100,100,100,100,100,100,100,100,100,100,100,100,100,100,100,100,100,100,100,100,100,100,100,100,100,100,100,100,100,100,100
BL/6 24h Af+air,44,75,101,74,75,97,127,92,1846,96,616,48,89,92,89,98,68,121,102,83,97,74,88,83,83,77,181,48,2240,74,50,16,160,64,2066,501,143,91,115,118,314,93,82,4122,83,75,496,47,46,145,64,257,146,107,117,190,205,857,406,78,73,66,49,1295,133,104,71,107,50,237,125,115,117,120,61,563,16,81,454,44,223,22,22,113,88,168,86,82,39,40,156,168,215,85,100,102,1212,45,1733,269,449,302,66,226,1166,71,101,510,112,523,1324,1248,782,140,93,342,47,121,86,33,79,30,260,133,90,93,106,80,184,1291,59,67,100,87,100,327,67,126,113,111,142,102,155,193,139,99,153,274,102
BL/6 168h Af+air,51,77,99,77,39,82,106,100,52,253,538,14,196,111,75,103,96,122,104,99,100,102,126,115,101,91,52,87,469,87,89,35,94,5,1367,199,125,100,77,85,178,108,97,4726,121,58,161,29,74,69,72,85,235,108,107,236,93,107,62,176,98,106,27,97,122,91,81,120,111,115,129,157,100,157,59,150,87,106,660,67,90,82,59,86,110,148,110,96,71,97,80,103,83,98,115,126,831,90,678,349,223,206,43,112,339,65,64,187,98,183,923,323,84,107,132,147,106,96,83,88,99,64,212,111,94,129,83,33,182,1380,63,97,94,40,97,446,91,48,101,25,121,90,201,211,107,80,149,377,113
Balb/c air,99,100,103,101,72,98,107,110,129,110,111,91,85,103,98,100,90,96,99,99,94,79,77,91,99,78,80,64,333,83,84,85,89,15,394,599,196,99,109,104,269,78,71,5578,109,68,307,68,100,64,93,85,15,91,105,126,76,29,70,148,108,109,55,194,112,98,113,85,101,95,66,88,107,93,178,93,50,109,568,75,83,127,73,92,111,113,90,97,72,86,97,125,88,107,108,102,466,92,594,88,81,98,68,64,138,106,104,54,81,222,241,278,74,108,82,130,97,154,104,90,104,104,110,119,113,95,103,57,186,505,203,194,102,77,104,34,105,79,88,67,146,93,136,66,105,95,61,165,98
Balb/c 24h Af+air,56,72,100,73,100,133,134,108,1989,86,970,53,94,102,91,82,58,92,91,63,87,80,76,77,89,89,167,108,664,81,78,190,92,186,1372,454,168,85,121,116,234,106,19,10505,83,99,825,69,102,112,97,294,286,131,116,190,184,96,263,50,95,73,105,1806,124,129,68,80,90,117,156,128,141,121,155,229,59,87,2909,43,113,104,32,63,97,198,82,75,58,48,269,158,175,85,91,118,3422,68,5376,176,407,248,147,302,860,89,106,537,117,303,209,9387,1067,170,90,107,137,230,109,69,101,118,154,88,96,99,105,107,74,1312,207,198,99,100,75,592,83,77,82,76,127,94,88,151,117,100,215,151,121
Balb/c 168h Af+air,38,70,97,69,2,40,81,119,433,172,282,18,157,88,104,101,104,143,111,95,105,141,117,95,119,101,136,67,375,125,90,19,260,244,1427,228,192,100,88,123,240,101,234,3845,89,94,383,62,47,112,87,77,187,117,116,214,166,229,103,95,83,138,42,57,109,86,94,111,89,101,157,126,108,82,107,249,50,104,794,87,250,102,62,135,118,196,101,96,127,66,132,55,110,125,106,124,724,69,2442,31,633,382,74,193,1159,111,105,70,103,344,154,515,247,142,66,168,58,242,106,58,107,71,136,112,115,91,105,109,70,514,194,226,110,102,104,211,69,138,109,52,144,105,121,161,137,121,402,211,152
SP-D KO air,88,97,103,97,63,81,96,115,1879,246,589,54,110,122,87,62,65,3,98,98,113,104,135,117,113,96,115,100,112,115,84,67,62,69,401,7,57,86,119,84,207,99,126,2746,115,102,268,90,119,80,90,89,57,92,103,141,79,17,37,124,93,109,116,208,121,106,93,96,112,75,110,118,86,106,94,102,87,117,547,98,87,82,85,106,107,115,99,99,78,122,61,40,101,91,105,114,344,87,166,34,230,195,45,52,138,137,89,84,98,348,131,439,176,130,72,168,106,242,87,64,101,77,75,76,95,63,70,82,31,173,169,157,84,88,60,61,70,99,42,138,124,96,120,78,103,103,124,115,84
SP-D KO 24h Af+air,48,68,97,72,35,79,105,129,2610,181,465,28,112,105,97,72,53,1,106,86,83,127,112,105,97,93,115,100,336,91,103,31,128,243,637,126,129,94,104,119,167,109,24,4029,90,86,496,34,50,98,91,178,130,119,112,193,108,89,17,78,76,122,17,722,121,91,77,109,81,81,125,141,101,81,76,271,78,106,484,68,477,95,40,106,100,198,105,84,28,62,214,64,159,99,110,108,842,71,1850,126,676,404,108,282,750,92,83,678,120,304,517,2497,691,167,120,131,108,262,89,73,94,87,88,129,95,115,97,52,93,1444,191,273,100,67,68,173,57,70,77,50,127,91,91,190,146,117,185,325,189
SP-D KO 168h Af+air,48,74,96,73,45,76,101,122,2201,204,538,31,138,99,92,64,36,3,106,88,108,83,116,94,94,81,144,63,463,98,80,28,129,115,953,152,169,91,115,88,347,101,84,2717,108,92,3622,61,72,125,84,47,191,117,107,161,130,276,227,54,93,87,88,191,126,82,46,65,93,184,172,151,120,116,57,257,41,98,571,49,218,56,81,67,107,199,117,78,69,62,82,103,204,106,119,122,1728,71,3885,54,810,457,32,142,1020,79,88,107,104,98,604,1672,467,128,97,116,69,305,120,67,100,69,149,99,102,82,102,97,105,1009,150,158,92,81,76,40,78,103,176,60,101,97,98,140,108,118,365,216,178
BL/6 O3,92,97,99,97,103,122,114,93,42,101,66,92,83,110,101,108,92,121,99,104,106,94,96,79,104,82,99,79,124,94,99,81,109,92,564,22,57,73,131,91,221,104,189,2033,105,99,307,99,112,74,93,191,82,110,105,114,114,87,38,176,97,113,72,331,112,110,95,77,143,50,92,115,80,100,90,147,39,103,549,92,154,88,124,106,101,115,95,123,108,99,40,47,65,101,114,98,455,110,5142,301,297,200,164,250,1093,78,78,330,91,356,1408,2442,656,117,101,127,118,123,100,88,110,96,136,119,83,116,102,57,246,737,257,229,83,97,96,751,44,85,109,104,74,82,86,150,115,90,255,163,97
BL/6 24h Af+O3,14,33,68,36,43,74,118,94,3086,45,340,34,93,93,117,96,109,164,114,73,124,115,94,71,88,98,322,95,762,148,86,124,175,209,1848,240,193,74,106,124,160,102,225,7648,76,69,2819,68,48,201,107,92,700,147,127,182,395,1042,213,29,86,126,122,310,141,84,88,103,38,248,175,184,149,121,9,739,155,72,1091,39,365,143,53,138,107,209,108,73,66,79,226,201,275,101,116,120,128,40,1747,178,428,315,72,270,858,134,96,62,144,107,357,2633,712,159,110,238,74,251,126,29,127,38,219,164,123,147,126,65,210,1726,146,161,113,95,103,144,101,128,101,52,153,105,137,183,139,143,225,192,183
BL/6 168h Af+O3,38,55,77,51,51,88,122,117,1662,123,380,62,98,125,103,113,80,139,118,88,131,119,126,90,96,94,214,59,1019,76,111,73,160,187,2367,560,144,73,130,125,389,113,210,6937,100,93,1472,110,72,137,84,230,477,161,128,232,249,300,278,101,93,97,137,240,140,95,53,100,69,229,199,125,127,143,61,337,212,93,1268,45,658,136,173,44,126,163,114,85,78,36,179,227,238,115,102,129,3505,74,858,173,142,147,85,158,258,128,122,218,99,413,360,701,201,133,116,164,120,205,116,76,118,76,210,155,141,102,114,100,125,927,201,209,119,114,110,236,125,133,120,56,165,112,124,97,134,136,266,189,147
Balb/c O3,81,99,108,97,25,63,92,100,4,82,69,101,69,111,91,99,88,111,101,95,102,95,121,99,96,82,89,119,174,74,73,36,134,30,233,701,168,114,143,101,367,66,39,745,108,56,23,66,87,85,93,85,45,94,108,168,87,9,118,52,105,99,23,55,123,100,105,106,98,70,99,135,89,123,145,79,66,115,40,80,22,38,25,96,111,159,101,89,24,99,125,82,109,101,100,123,1076,94,8405,255,53,60,90,46,789,94,74,47,79,182,544,393,76,113,89,155,111,126,80,67,92,107,127,130,83,110,92,59,110,271,207,233,101,52,82,569,130,81,81,58,118,92,179,137,127,89,174,84,111
Balb/c 24h Af+O3,32,64,97,64,22,56,97,121,85,165,298,12,160,110,99,107,133,172,113,94,116,113,119,91,101,105,113,104,654,95,83,13,168,55,1581,139,207,82,124,123,280,92,165,6101,99,84,1602,43,59,93,93,108,260,134,115,244,122,218,205,62,100,95,53,237,122,77,84,131,71,106,139,144,123,145,38,207,48,108,346,63,44,81,13,57,114,156,110,106,49,62,80,37,173,105,86,131,1126,70,4841,273,639,363,27,176,556,75,27,1250,97,2248,3085,1226,982,119,137,130,173,130,94,41,101,51,207,129,73,109,104,39,553,1520,202,146,90,70,82,862,26,71,228,46,129,98,96,223,133,96,493,524,99
Balb/c 168h Af+O3,56,81,99,80,56,101,115,127,979,107,148,55,96,109,107,91,68,120,102,93,103,79,94,91,96,100,128,21,251,84,94,53,76,211,814,445,115,79,72,114,361,83,194,8317,106,88,2359,57,57,88,77,107,170,114,111,179,199,54,475,103,104,73,6,681,118,73,57,74,78,56,75,146,109,162,66,314,80,85,1676,60,249,157,125,70,99,154,97,95,67,67,215,211,104,106,89,113,940,75,3130,349,494,289,231,166,1052,29,32,908,89,1422,1446,4123,827,91,119,78,145,124,59,48,91,104,204,109,54,84,96,127,117,508,309,224,90,98,77,164,82,110,199,36,76,103,95,235,116,86,601,393,78
SP-D KO O3,46,81,102,78,45,78,111,102,2540,256,789,66,142,103,100,59,39,16,104,89,130,121,77,104,96,99,113,199,235,89,63,77,184,75,673,119,115,84,149,121,353,102,46,3900,101,78,92,99,81,152,69,109,106,105,110,173,299,802,18,83,71,91,96,1005,118,113,93,89,71,111,187,156,113,92,51,500,150,105,1441,78,93,145,17,91,100,172,116,87,71,58,169,85,180,91,121,125,698,61,4919,279,281,208,34,92,275,77,67,638,107,381,288,1790,284,125,143,224,176,277,107,65,93,112,139,146,79,122,105,65,48,430,85,78,100,62,99,867,14,65,132,93,124,104,137,233,132,95,142,198,93
SP-D KO 24h Af+O3,44,68,94,69,17,59,100,100,1044,359,1003,16,213,113,57,79,75,31,108,94,124,110,128,140,111,111,72,55,235,88,126,10,126,13,925,100,121,88,133,117,253,99,286,5468,113,68,1379,29,68,91,103,88,96,113,108,191,63,182,60,179,112,115,20,782,121,126,72,112,118,86,133,155,126,149,25,189,26,125,323,66,146,58,59,89,116,149,115,91,73,80,46,21,103,118,126,152,1235,86,2911,7,847,483,73,206,2342,109,113,119,119,125,215,1868,716,168,84,167,34,344,74,47,117,90,141,119,115,82,101,114,43,1301,142,169,108,110,69,272,39,103,108,100,131,102,136,156,121,128,382,297,190
SP-D KO 168h Af+O3,38,68,94,68,121,144,143,105,2775,151,718,65,100,107,86,39,33,11,88,63,78,77,71,92,67,92,188,64,2556,64,70,158,82,169,1248,191,145,58,118,120,141,107,143,5759,98,96,3554,108,48,133,87,169,261,117,113,139,254,283,185,48,104,74,108,940,121,52,52,52,40,211,200,100,134,144,176,510,337,93,3104,44,527,137,120,75,67,127,100,104,48,30,47,228,200,89,76,138,1334,48,8273,230,526,242,95,157,598,54,55,764,62,403,2925,1891,276,72,112,141,188,129,103,90,77,132,191,104,60,92,84,60,219,649,285,343,87,90,107,178,118,131,277,70,40,108,46,198,128,90,691,107,129